date,country_name,country_id,playback_location,channel_display_name,channel_id,watch_time_minutes,views,average_view_duration
2017-09-15,Argentina,AR,YouTube watch page,DJ Jer321,iNsuNSvJNnWLY9kQnwIQgA,4,5,0.7
2017-09-15,Brazil,BR,YouTube watch page,DJ Jer321,iNsuNSvJNnWLY9kQnwIQgA,9,3,3.1
2017-09-15,Canada,CA,YouTube watch page,DJ Jer321,iNsuNSvJNnWLY9kQnwIQgA,4,1,3.7
2017-09-15,Costa Rica,CR,YouTube watch page,DJ Jer321,iNsuNSvJNnWLY9kQnwIQgA,0,1,0.2
2017-09-15,France,FR,YouTube watch page,DJ Jer321,iNsuNSvJNnWLY9kQnwIQgA,0,1,0.4
2017-09-15,United Kingdom,GB,YouTube watch page,DJ Jer321,iNsuNSvJNnWLY9kQnwIQgA,0,1,0.4
2017-09-15,Hong Kong,HK,YouTube watch page,DJ Jer321,iNsuNSvJNnWLY9kQnwIQgA,0,3,0.2
2017-09-15,Japan,JP,YouTube watch page,DJ Jer321,iNsuNSvJNnWLY9kQnwIQgA,9,11,0.8
2017-09-15,Japan,JP,Embedded in external websites and apps,DJ Jer321,iNsuNSvJNnWLY9kQnwIQgA,1,1,0.6
2017-09-15,Mexico,MX,YouTube watch page,DJ Jer321,iNsuNSvJNnWLY9kQnwIQgA,5,4,1.2
2017-09-15,Netherlands,NL,YouTube watch page,DJ Jer321,iNsuNSvJNnWLY9kQnwIQgA,0,1,0.4
2017-09-15,Poland,PL,YouTube watch page,DJ Jer321,iNsuNSvJNnWLY9kQnwIQgA,0,1,0.2
2017-09-15,Portugal,PT,YouTube watch page,DJ Jer321,iNsuNSvJNnWLY9kQnwIQgA,13,2,6.6
2017-09-15,Turkey,TR,YouTube watch page,DJ Jer321,iNsuNSvJNnWLY9kQnwIQgA,0,1,0.3
2017-09-15,Taiwan,TW,YouTube watch page,DJ Jer321,iNsuNSvJNnWLY9kQnwIQgA,5,1,4.8
2017-09-15,United States,US,YouTube watch page,DJ Jer321,iNsuNSvJNnWLY9kQnwIQgA,37,12,3.1
2017-09-16,Argentina,AR,YouTube watch page,DJ Jer321,iNsuNSvJNnWLY9kQnwIQgA,0,1,0.1
2017-09-16,Czechia,CZ,YouTube watch page,DJ Jer321,iNsuNSvJNnWLY9kQnwIQgA,0,1,0.2
2017-09-16,Spain,ES,YouTube watch page,DJ Jer321,iNsuNSvJNnWLY9kQnwIQgA,4,2,1.9
2017-09-16,France,FR,YouTube watch page,DJ Jer321,iNsuNSvJNnWLY9kQnwIQgA,33,4,8.2
2017-09-16,United Kingdom,GB,YouTube watch page,DJ Jer321,iNsuNSvJNnWLY9kQnwIQgA,7,3,2.5
2017-09-16,Hong Kong,HK,YouTube watch page,DJ Jer321,iNsuNSvJNnWLY9kQnwIQgA,2,2,1.0
2017-09-16,India,IN,YouTube watch page,DJ Jer321,iNsuNSvJNnWLY9kQnwIQgA,1,1,0.6
2017-09-16,Italy,IT,YouTube watch page,DJ Jer321,iNsuNSvJNnWLY9kQnwIQgA,13,1,12.9
2017-09-16,Japan,JP,YouTube watch page,DJ Jer321,iNsuNSvJNnWLY9kQnwIQgA,18,10,1.8
2017-09-16,Mexico,MX,YouTube watch page,DJ Jer321,iNsuNSvJNnWLY9kQnwIQgA,6,2,2.9
2017-09-16,Poland,PL,YouTube watch page,DJ Jer321,iNsuNSvJNnWLY9kQnwIQgA,2,4,0.4
2017-09-16,Sweden,SE,YouTube watch page,DJ Jer321,iNsuNSvJNnWLY9kQnwIQgA,0,1,0.1
2017-09-16,Thailand,TH,YouTube watch page,DJ Jer321,iNsuNSvJNnWLY9kQnwIQgA,8,2,4.1
2017-09-16,United States,US,YouTube watch page,DJ Jer321,iNsuNSvJNnWLY9kQnwIQgA,20,11,1.8
2017-09-16,Venezuela,VE,YouTube watch page,DJ Jer321,iNsuNSvJNnWLY9kQnwIQgA,0,1,0.4
2017-09-16,Vietnam,VN,YouTube watch page,DJ Jer321,iNsuNSvJNnWLY9kQnwIQgA,1,1,0.7
2017-09-17,Canada,CA,YouTube watch page,DJ Jer321,iNsuNSvJNnWLY9kQnwIQgA,27,3,9.0
2017-09-17,Switzerland,CH,YouTube watch page,DJ Jer321,iNsuNSvJNnWLY9kQnwIQgA,7,1,7.3
2017-09-17,Chile,CL,YouTube watch page,DJ Jer321,iNsuNSvJNnWLY9kQnwIQgA,0,1,0.4
2017-09-17,Germany,DE,YouTube watch page,DJ Jer321,iNsuNSvJNnWLY9kQnwIQgA,14,6,2.4
2017-09-17,Spain,ES,YouTube watch page,DJ Jer321,iNsuNSvJNnWLY9kQnwIQgA,1,1,0.7
2017-09-17,France,FR,YouTube watch page,DJ Jer321,iNsuNSvJNnWLY9kQnwIQgA,6,1,6.5
2017-09-17,United Kingdom,GB,YouTube watch page,DJ Jer321,iNsuNSvJNnWLY9kQnwIQgA,0,1,0.0
2017-09-17,Hong Kong,HK,YouTube watch page,DJ Jer321,iNsuNSvJNnWLY9kQnwIQgA,8,4,2.0
2017-09-17,Hungary,HU,YouTube watch page,DJ Jer321,iNsuNSvJNnWLY9kQnwIQgA,2,1,2.5
2017-09-17,Italy,IT,YouTube watch page,DJ Jer321,iNsuNSvJNnWLY9kQnwIQgA,1,1,0.7
2017-09-17,Japan,JP,YouTube watch page,DJ Jer321,iNsuNSvJNnWLY9kQnwIQgA,78,14,5.6
2017-09-17,Mexico,MX,YouTube watch page,DJ Jer321,iNsuNSvJNnWLY9kQnwIQgA,10,4,2.5
2017-09-17,Poland,PL,YouTube watch page,DJ Jer321,iNsuNSvJNnWLY9kQnwIQgA,4,7,0.5
2017-09-17,United States,US,YouTube watch page,DJ Jer321,iNsuNSvJNnWLY9kQnwIQgA,16,8,2.0
2017-09-18,Belgium,BE,YouTube watch page,DJ Jer321,iNsuNSvJNnWLY9kQnwIQgA,0,1,0.1
2017-09-18,Brazil,BR,YouTube watch page,DJ Jer321,iNsuNSvJNnWLY9kQnwIQgA,4,3,1.3
2017-09-18,Canada,CA,YouTube watch page,DJ Jer321,iNsuNSvJNnWLY9kQnwIQgA,1,2,0.3
2017-09-18,Ecuador,EC,YouTube watch page,DJ Jer321,iNsuNSvJNnWLY9kQnwIQgA,0,1,0.3
2017-09-18,Spain,ES,YouTube watch page,DJ Jer321,iNsuNSvJNnWLY9kQnwIQgA,1,3,0.5
2017-09-18,France,FR,YouTube watch page,DJ Jer321,iNsuNSvJNnWLY9kQnwIQgA,20,4,4.9
2017-09-18,United Kingdom,GB,YouTube watch page,DJ Jer321,iNsuNSvJNnWLY9kQnwIQgA,1,2,0.3
2017-09-18,Hong Kong,HK,YouTube watch page,DJ Jer321,iNsuNSvJNnWLY9kQnwIQgA,1,1,1.3
2017-09-18,Ireland,IE,YouTube watch page,DJ Jer321,iNsuNSvJNnWLY9kQnwIQgA,1,1,1.3
2017-09-18,Italy,IT,YouTube watch page,DJ Jer321,iNsuNSvJNnWLY9kQnwIQgA,0,1,0.2
2017-09-18,Japan,JP,YouTube watch page,DJ Jer321,iNsuNSvJNnWLY9kQnwIQgA,21,8,2.7
2017-09-18,Japan,JP,Embedded in external websites and apps,DJ Jer321,iNsuNSvJNnWLY9kQnwIQgA,0,1,0.2
2017-09-18,Macau,MO,YouTube watch page,DJ Jer321,iNsuNSvJNnWLY9kQnwIQgA,1,2,0.4
2017-09-18,Mexico,MX,YouTube watch page,DJ Jer321,iNsuNSvJNnWLY9kQnwIQgA,2,2,1.0
2017-09-18,Poland,PL,YouTube watch page,DJ Jer321,iNsuNSvJNnWLY9kQnwIQgA,0,2,0.2
2017-09-18,Taiwan,TW,YouTube watch page,DJ Jer321,iNsuNSvJNnWLY9kQnwIQgA,0,1,0.1
2017-09-18,United States,US,YouTube watch page,DJ Jer321,iNsuNSvJNnWLY9kQnwIQgA,12,4,2.9
2017-09-19,Australia,AU,YouTube watch page,DJ Jer321,iNsuNSvJNnWLY9kQnwIQgA,6,1,6.4
2017-09-19,Belgium,BE,YouTube watch page,DJ Jer321,iNsuNSvJNnWLY9kQnwIQgA,0,1,0.3
2017-09-19,Bulgaria,BG,YouTube watch page,DJ Jer321,iNsuNSvJNnWLY9kQnwIQgA,1,1,1.3
2017-09-19,Brazil,BR,YouTube watch page,DJ Jer321,iNsuNSvJNnWLY9kQnwIQgA,3,1,2.8
2017-09-19,Chile,CL,YouTube watch page,DJ Jer321,iNsuNSvJNnWLY9kQnwIQgA,0,1,0.4
2017-09-19,Spain,ES,YouTube watch page,DJ Jer321,iNsuNSvJNnWLY9kQnwIQgA,0,1,0.2
2017-09-19,United Kingdom,GB,YouTube watch page,DJ Jer321,iNsuNSvJNnWLY9kQnwIQgA,1,2,0.3
2017-09-19,Japan,JP,YouTube watch page,DJ Jer321,iNsuNSvJNnWLY9kQnwIQgA,1,3,0.3
2017-09-19,South Korea,KR,YouTube watch page,DJ Jer321,iNsuNSvJNnWLY9kQnwIQgA,0,1,0.2
2017-09-19,Mexico,MX,YouTube watch page,DJ Jer321,iNsuNSvJNnWLY9kQnwIQgA,0,1,0.5
2017-09-19,Netherlands,NL,YouTube watch page,DJ Jer321,iNsuNSvJNnWLY9kQnwIQgA,0,1,0.1
2017-09-19,Peru,PE,YouTube watch page,DJ Jer321,iNsuNSvJNnWLY9kQnwIQgA,0,1,0.0
2017-09-19,Taiwan,TW,YouTube watch page,DJ Jer321,iNsuNSvJNnWLY9kQnwIQgA,1,1,0.7
2017-09-19,United States,US,YouTube watch page,DJ Jer321,iNsuNSvJNnWLY9kQnwIQgA,11,6,1.9
2017-09-20,Brazil,BR,YouTube watch page,DJ Jer321,iNsuNSvJNnWLY9kQnwIQgA,2,1,2.5
2017-09-20,Canada,CA,YouTube watch page,DJ Jer321,iNsuNSvJNnWLY9kQnwIQgA,3,2,1.7
2017-09-20,Colombia,CO,YouTube watch page,DJ Jer321,iNsuNSvJNnWLY9kQnwIQgA,3,1,2.7
2017-09-20,Czechia,CZ,YouTube watch page,DJ Jer321,iNsuNSvJNnWLY9kQnwIQgA,0,1,0.0
2017-09-20,Spain,ES,YouTube watch page,DJ Jer321,iNsuNSvJNnWLY9kQnwIQgA,1,1,0.7
2017-09-20,France,FR,YouTube watch page,DJ Jer321,iNsuNSvJNnWLY9kQnwIQgA,0,2,0.0
2017-09-20,Hong Kong,HK,YouTube watch page,DJ Jer321,iNsuNSvJNnWLY9kQnwIQgA,1,2,0.5
2017-09-20,Croatia,HR,YouTube watch page,DJ Jer321,iNsuNSvJNnWLY9kQnwIQgA,0,1,0.4
2017-09-20,Japan,JP,YouTube watch page,DJ Jer321,iNsuNSvJNnWLY9kQnwIQgA,55,4,13.7
2017-09-20,South Korea,KR,YouTube watch page,DJ Jer321,iNsuNSvJNnWLY9kQnwIQgA,0,1,0.0
2017-09-20,Mexico,MX,YouTube watch page,DJ Jer321,iNsuNSvJNnWLY9kQnwIQgA,9,1,9.0
2017-09-20,Peru,PE,YouTube watch page,DJ Jer321,iNsuNSvJNnWLY9kQnwIQgA,3,1,2.9
2017-09-20,United States,US,YouTube watch page,DJ Jer321,iNsuNSvJNnWLY9kQnwIQgA,2,7,0.2
2017-09-20,Venezuela,VE,YouTube watch page,DJ Jer321,iNsuNSvJNnWLY9kQnwIQgA,3,1,3.4
2017-09-21,Brazil,BR,YouTube watch page,DJ Jer321,iNsuNSvJNnWLY9kQnwIQgA,1,1,0.7
2017-09-21,Canada,CA,YouTube watch page,DJ Jer321,iNsuNSvJNnWLY9kQnwIQgA,18,3,5.9
2017-09-21,Chile,CL,YouTube watch page,DJ Jer321,iNsuNSvJNnWLY9kQnwIQgA,0,1,0.3
2017-09-21,France,FR,YouTube watch page,DJ Jer321,iNsuNSvJNnWLY9kQnwIQgA,0,2,0.1
2017-09-21,United Kingdom,GB,YouTube watch page,DJ Jer321,iNsuNSvJNnWLY9kQnwIQgA,0,1,0.4
2017-09-21,Hong Kong,HK,YouTube watch page,DJ Jer321,iNsuNSvJNnWLY9kQnwIQgA,3,1,2.6
2017-09-21,Japan,JP,YouTube watch page,DJ Jer321,iNsuNSvJNnWLY9kQnwIQgA,21,2,10.6
2017-09-21,Mexico,MX,YouTube watch page,DJ Jer321,iNsuNSvJNnWLY9kQnwIQgA,19,4,4.7
2017-09-21,Poland,PL,YouTube watch page,DJ Jer321,iNsuNSvJNnWLY9kQnwIQgA,0,2,0.1
2017-09-21,Thailand,TH,YouTube watch page,DJ Jer321,iNsuNSvJNnWLY9kQnwIQgA,9,1,8.6
2017-09-21,United States,US,YouTube watch page,DJ Jer321,iNsuNSvJNnWLY9kQnwIQgA,7,8,0.8
2017-09-22,United Arab Emirates,AE,YouTube watch page,DJ Jer321,iNsuNSvJNnWLY9kQnwIQgA,0,1,0.4
2017-09-22,Austria,AT,YouTube watch page,DJ Jer321,iNsuNSvJNnWLY9kQnwIQgA,3,1,3.2
2017-09-22,Australia,AU,YouTube watch page,DJ Jer321,iNsuNSvJNnWLY9kQnwIQgA,1,2,0.7
2017-09-22,Brazil,BR,YouTube watch page,DJ Jer321,iNsuNSvJNnWLY9kQnwIQgA,4,3,1.3
2017-09-22,Canada,CA,YouTube watch page,DJ Jer321,iNsuNSvJNnWLY9kQnwIQgA,4,2,2.2
2017-09-22,Colombia,CO,YouTube watch page,DJ Jer321,iNsuNSvJNnWLY9kQnwIQgA,1,1,1.4
2017-09-22,France,FR,YouTube watch page,DJ Jer321,iNsuNSvJNnWLY9kQnwIQgA,1,2,0.7
2017-09-22,United Kingdom,GB,YouTube watch page,DJ Jer321,iNsuNSvJNnWLY9kQnwIQgA,0,1,0.5
2017-09-22,Hong Kong,HK,YouTube watch page,DJ Jer321,iNsuNSvJNnWLY9kQnwIQgA,2,5,0.4
2017-09-22,Japan,JP,YouTube watch page,DJ Jer321,iNsuNSvJNnWLY9kQnwIQgA,2,5,0.5
2017-09-22,South Korea,KR,YouTube watch page,DJ Jer321,iNsuNSvJNnWLY9kQnwIQgA,0,1,0.0
2017-09-22,Mexico,MX,YouTube watch page,DJ Jer321,iNsuNSvJNnWLY9kQnwIQgA,3,4,0.7
2017-09-22,Thailand,TH,YouTube watch page,DJ Jer321,iNsuNSvJNnWLY9kQnwIQgA,2,2,1.0
2017-09-22,United States,US,YouTube watch page,DJ Jer321,iNsuNSvJNnWLY9kQnwIQgA,61,20,3.1
2017-09-22,United States,US,Embedded in external websites and apps,DJ Jer321,iNsuNSvJNnWLY9kQnwIQgA,0,3,0.0
2017-09-22,United States,US,YouTube channel page,DJ Jer321,iNsuNSvJNnWLY9kQnwIQgA,0,1,0.4
2017-09-23,Argentina,AR,YouTube watch page,DJ Jer321,iNsuNSvJNnWLY9kQnwIQgA,9,3,3.0
2017-09-23,Australia,AU,YouTube watch page,DJ Jer321,iNsuNSvJNnWLY9kQnwIQgA,3,3,1.1
2017-09-23,Canada,CA,YouTube watch page,DJ Jer321,iNsuNSvJNnWLY9kQnwIQgA,8,3,2.8
2017-09-23,Switzerland,CH,YouTube watch page,DJ Jer321,iNsuNSvJNnWLY9kQnwIQgA,0,1,0.1
2017-09-23,Colombia,CO,YouTube watch page,DJ Jer321,iNsuNSvJNnWLY9kQnwIQgA,5,1,5.0
2017-09-23,Spain,ES,YouTube watch page,DJ Jer321,iNsuNSvJNnWLY9kQnwIQgA,0,1,0.2
2017-09-23,France,FR,YouTube watch page,DJ Jer321,iNsuNSvJNnWLY9kQnwIQgA,7,2,3.6
2017-09-23,Hong Kong,HK,YouTube watch page,DJ Jer321,iNsuNSvJNnWLY9kQnwIQgA,8,4,1.9
2017-09-23,Hungary,HU,YouTube watch page,DJ Jer321,iNsuNSvJNnWLY9kQnwIQgA,3,1,2.9
2017-09-23,Japan,JP,YouTube watch page,DJ Jer321,iNsuNSvJNnWLY9kQnwIQgA,4,10,0.4
2017-09-23,Morocco,MA,YouTube watch page,DJ Jer321,iNsuNSvJNnWLY9kQnwIQgA,1,1,0.9
2017-09-23,Taiwan,TW,YouTube watch page,DJ Jer321,iNsuNSvJNnWLY9kQnwIQgA,2,2,0.9
2017-09-23,United States,US,YouTube watch page,DJ Jer321,iNsuNSvJNnWLY9kQnwIQgA,35,16,2.2
2017-09-23,United States,US,YouTube other,DJ Jer321,iNsuNSvJNnWLY9kQnwIQgA,0,1,0.4
2017-09-24,United Arab Emirates,AE,YouTube watch page,DJ Jer321,iNsuNSvJNnWLY9kQnwIQgA,1,1,1.1
2017-09-24,Argentina,AR,YouTube watch page,DJ Jer321,iNsuNSvJNnWLY9kQnwIQgA,1,2,0.7
2017-09-24,Australia,AU,YouTube watch page,DJ Jer321,iNsuNSvJNnWLY9kQnwIQgA,7,3,2.4
2017-09-24,Brazil,BR,YouTube watch page,DJ Jer321,iNsuNSvJNnWLY9kQnwIQgA,1,1,0.8
2017-09-24,Chile,CL,YouTube watch page,DJ Jer321,iNsuNSvJNnWLY9kQnwIQgA,1,1,0.6
2017-09-24,Colombia,CO,YouTube watch page,DJ Jer321,iNsuNSvJNnWLY9kQnwIQgA,1,1,1.2
2017-09-24,Spain,ES,YouTube watch page,DJ Jer321,iNsuNSvJNnWLY9kQnwIQgA,1,2,0.6
2017-09-24,France,FR,YouTube watch page,DJ Jer321,iNsuNSvJNnWLY9kQnwIQgA,0,1,0.1
2017-09-24,Hong Kong,HK,YouTube watch page,DJ Jer321,iNsuNSvJNnWLY9kQnwIQgA,4,3,1.3
2017-09-24,Hungary,HU,YouTube watch page,DJ Jer321,iNsuNSvJNnWLY9kQnwIQgA,1,1,0.7
2017-09-24,Japan,JP,YouTube watch page,DJ Jer321,iNsuNSvJNnWLY9kQnwIQgA,12,11,1.1
2017-09-24,Japan,JP,Embedded in external websites and apps,DJ Jer321,iNsuNSvJNnWLY9kQnwIQgA,0,1,0.1
2017-09-24,Mexico,MX,YouTube watch page,DJ Jer321,iNsuNSvJNnWLY9kQnwIQgA,0,1,0.2
2017-09-24,Malaysia,MY,YouTube watch page,DJ Jer321,iNsuNSvJNnWLY9kQnwIQgA,0,1,0.2
2017-09-24,Poland,PL,YouTube watch page,DJ Jer321,iNsuNSvJNnWLY9kQnwIQgA,1,2,0.5
2017-09-24,Taiwan,TW,YouTube watch page,DJ Jer321,iNsuNSvJNnWLY9kQnwIQgA,14,4,3.5
2017-09-24,United States,US,YouTube watch page,DJ Jer321,iNsuNSvJNnWLY9kQnwIQgA,20,23,0.9
2017-09-24,United States,US,Embedded in external websites and apps,DJ Jer321,iNsuNSvJNnWLY9kQnwIQgA,6,3,1.9
2017-09-25,Brazil,BR,YouTube watch page,DJ Jer321,iNsuNSvJNnWLY9kQnwIQgA,1,2,0.3
2017-09-25,Canada,CA,YouTube watch page,DJ Jer321,iNsuNSvJNnWLY9kQnwIQgA,1,2,0.6
2017-09-25,Chile,CL,YouTube watch page,DJ Jer321,iNsuNSvJNnWLY9kQnwIQgA,0,1,0.4
2017-09-25,Germany,DE,YouTube watch page,DJ Jer321,iNsuNSvJNnWLY9kQnwIQgA,3,3,0.9
2017-09-25,Spain,ES,YouTube watch page,DJ Jer321,iNsuNSvJNnWLY9kQnwIQgA,7,3,2.4
2017-09-25,France,FR,YouTube watch page,DJ Jer321,iNsuNSvJNnWLY9kQnwIQgA,4,1,4.5
2017-09-25,United Kingdom,GB,YouTube watch page,DJ Jer321,iNsuNSvJNnWLY9kQnwIQgA,1,1,0.6
2017-09-25,Hong Kong,HK,YouTube watch page,DJ Jer321,iNsuNSvJNnWLY9kQnwIQgA,2,6,0.4
2017-09-25,Ireland,IE,YouTube watch page,DJ Jer321,iNsuNSvJNnWLY9kQnwIQgA,3,1,2.7
2017-09-25,Israel,IL,YouTube watch page,DJ Jer321,iNsuNSvJNnWLY9kQnwIQgA,3,1,2.9
2017-09-25,Italy,IT,YouTube watch page,DJ Jer321,iNsuNSvJNnWLY9kQnwIQgA,0,1,0.4
2017-09-25,Japan,JP,YouTube watch page,DJ Jer321,iNsuNSvJNnWLY9kQnwIQgA,1,3,0.2
2017-09-25,Macau,MO,YouTube watch page,DJ Jer321,iNsuNSvJNnWLY9kQnwIQgA,0,1,0.3
2017-09-25,Mexico,MX,YouTube watch page,DJ Jer321,iNsuNSvJNnWLY9kQnwIQgA,1,2,0.7
2017-09-25,Peru,PE,YouTube watch page,DJ Jer321,iNsuNSvJNnWLY9kQnwIQgA,0,1,0.1
2017-09-25,Poland,PL,YouTube watch page,DJ Jer321,iNsuNSvJNnWLY9kQnwIQgA,0,2,0.1
2017-09-25,Sweden,SE,YouTube watch page,DJ Jer321,iNsuNSvJNnWLY9kQnwIQgA,3,1,3.2
2017-09-25,Taiwan,TW,YouTube watch page,DJ Jer321,iNsuNSvJNnWLY9kQnwIQgA,1,3,0.3
2017-09-25,United States,US,YouTube watch page,DJ Jer321,iNsuNSvJNnWLY9kQnwIQgA,72,39,1.9
2017-09-26,Australia,AU,YouTube watch page,DJ Jer321,iNsuNSvJNnWLY9kQnwIQgA,24,4,6.1
2017-09-26,Canada,CA,YouTube watch page,DJ Jer321,iNsuNSvJNnWLY9kQnwIQgA,1,1,0.7
2017-09-26,Chile,CL,YouTube watch page,DJ Jer321,iNsuNSvJNnWLY9kQnwIQgA,0,1,0.2
2017-09-26,Spain,ES,YouTube watch page,DJ Jer321,iNsuNSvJNnWLY9kQnwIQgA,20,3,6.5
2017-09-26,France,FR,YouTube watch page,DJ Jer321,iNsuNSvJNnWLY9kQnwIQgA,1,2,0.6
2017-09-26,United Kingdom,GB,YouTube watch page,DJ Jer321,iNsuNSvJNnWLY9kQnwIQgA,0,1,0.1
2017-09-26,Hong Kong,HK,YouTube watch page,DJ Jer321,iNsuNSvJNnWLY9kQnwIQgA,8,8,1.0
2017-09-26,Hungary,HU,YouTube watch page,DJ Jer321,iNsuNSvJNnWLY9kQnwIQgA,0,1,0.4
2017-09-26,Indonesia,ID,YouTube watch page,DJ Jer321,iNsuNSvJNnWLY9kQnwIQgA,6,1,6.2
2017-09-26,Italy,IT,YouTube watch page,DJ Jer321,iNsuNSvJNnWLY9kQnwIQgA,0,1,0.1
2017-09-26,Japan,JP,YouTube watch page,DJ Jer321,iNsuNSvJNnWLY9kQnwIQgA,1,3,0.2
2017-09-26,Mexico,MX,YouTube watch page,DJ Jer321,iNsuNSvJNnWLY9kQnwIQgA,1,1,0.6
2017-09-26,Malaysia,MY,YouTube watch page,DJ Jer321,iNsuNSvJNnWLY9kQnwIQgA,16,1,15.7
2017-09-26,Philippines,PH,YouTube watch page,DJ Jer321,iNsuNSvJNnWLY9kQnwIQgA,1,1,0.9
2017-09-26,Russia,RU,YouTube watch page,DJ Jer321,iNsuNSvJNnWLY9kQnwIQgA,0,1,0.1
2017-09-26,Thailand,TH,YouTube watch page,DJ Jer321,iNsuNSvJNnWLY9kQnwIQgA,2,1,1.8
2017-09-26,United States,US,YouTube watch page,DJ Jer321,iNsuNSvJNnWLY9kQnwIQgA,16,10,1.6
2017-09-26,Unknown Region,ZZ,YouTube watch page,DJ Jer321,iNsuNSvJNnWLY9kQnwIQgA,4,1,4.0
2017-09-27,Australia,AU,YouTube watch page,DJ Jer321,iNsuNSvJNnWLY9kQnwIQgA,7,2,3.6
2017-09-27,Brazil,BR,YouTube watch page,DJ Jer321,iNsuNSvJNnWLY9kQnwIQgA,4,3,1.5
2017-09-27,Canada,CA,YouTube watch page,DJ Jer321,iNsuNSvJNnWLY9kQnwIQgA,6,3,1.9
2017-09-27,Germany,DE,YouTube watch page,DJ Jer321,iNsuNSvJNnWLY9kQnwIQgA,5,3,1.6
2017-09-27,Spain,ES,YouTube watch page,DJ Jer321,iNsuNSvJNnWLY9kQnwIQgA,1,2,0.5
2017-09-27,Finland,FI,YouTube watch page,DJ Jer321,iNsuNSvJNnWLY9kQnwIQgA,0,1,0.1
2017-09-27,France,FR,YouTube watch page,DJ Jer321,iNsuNSvJNnWLY9kQnwIQgA,1,3,0.4
2017-09-27,Hong Kong,HK,YouTube watch page,DJ Jer321,iNsuNSvJNnWLY9kQnwIQgA,7,4,1.8
2017-09-27,Japan,JP,YouTube watch page,DJ Jer321,iNsuNSvJNnWLY9kQnwIQgA,6,5,1.2
2017-09-27,Laos,LA,YouTube watch page,DJ Jer321,iNsuNSvJNnWLY9kQnwIQgA,0,1,0.1
2017-09-27,Mexico,MX,YouTube watch page,DJ Jer321,iNsuNSvJNnWLY9kQnwIQgA,12,2,6.0
2017-09-27,Malaysia,MY,YouTube watch page,DJ Jer321,iNsuNSvJNnWLY9kQnwIQgA,29,1,29.0
2017-09-27,Netherlands,NL,YouTube watch page,DJ Jer321,iNsuNSvJNnWLY9kQnwIQgA,7,2,3.7
2017-09-27,Poland,PL,YouTube watch page,DJ Jer321,iNsuNSvJNnWLY9kQnwIQgA,0,1,0.4
2017-09-27,Serbia,RS,YouTube watch page,DJ Jer321,iNsuNSvJNnWLY9kQnwIQgA,0,1,0.3
2017-09-27,Sweden,SE,YouTube watch page,DJ Jer321,iNsuNSvJNnWLY9kQnwIQgA,1,2,0.7
2017-09-27,Thailand,TH,YouTube watch page,DJ Jer321,iNsuNSvJNnWLY9kQnwIQgA,1,1,0.8
2017-09-27,Taiwan,TW,YouTube watch page,DJ Jer321,iNsuNSvJNnWLY9kQnwIQgA,1,1,1.1
2017-09-27,United States,US,YouTube watch page,DJ Jer321,iNsuNSvJNnWLY9kQnwIQgA,21,17,1.3
2017-09-27,Vietnam,VN,YouTube watch page,DJ Jer321,iNsuNSvJNnWLY9kQnwIQgA,0,1,0.1
2017-09-28,United Arab Emirates,AE,YouTube watch page,DJ Jer321,iNsuNSvJNnWLY9kQnwIQgA,1,1,0.6
2017-09-28,Australia,AU,YouTube watch page,DJ Jer321,iNsuNSvJNnWLY9kQnwIQgA,0,1,0.1
2017-09-28,Brazil,BR,YouTube watch page,DJ Jer321,iNsuNSvJNnWLY9kQnwIQgA,7,3,2.4
2017-09-28,Canada,CA,YouTube watch page,DJ Jer321,iNsuNSvJNnWLY9kQnwIQgA,21,7,3.0
2017-09-28,Switzerland,CH,YouTube watch page,DJ Jer321,iNsuNSvJNnWLY9kQnwIQgA,4,1,4.3
2017-09-28,Colombia,CO,YouTube watch page,DJ Jer321,iNsuNSvJNnWLY9kQnwIQgA,1,1,0.8
2017-09-28,Germany,DE,YouTube watch page,DJ Jer321,iNsuNSvJNnWLY9kQnwIQgA,1,1,0.8
2017-09-28,Spain,ES,YouTube watch page,DJ Jer321,iNsuNSvJNnWLY9kQnwIQgA,2,1,1.6
2017-09-28,France,FR,YouTube watch page,DJ Jer321,iNsuNSvJNnWLY9kQnwIQgA,1,2,0.7
2017-09-28,United Kingdom,GB,YouTube watch page,DJ Jer321,iNsuNSvJNnWLY9kQnwIQgA,0,2,0.2
2017-09-28,Hong Kong,HK,YouTube watch page,DJ Jer321,iNsuNSvJNnWLY9kQnwIQgA,6,3,2.0
2017-09-28,Indonesia,ID,YouTube watch page,DJ Jer321,iNsuNSvJNnWLY9kQnwIQgA,5,1,5.5
2017-09-28,Italy,IT,YouTube watch page,DJ Jer321,iNsuNSvJNnWLY9kQnwIQgA,3,1,2.9
2017-09-28,Japan,JP,YouTube watch page,DJ Jer321,iNsuNSvJNnWLY9kQnwIQgA,7,3,2.2
2017-09-28,South Korea,KR,YouTube watch page,DJ Jer321,iNsuNSvJNnWLY9kQnwIQgA,4,1,4.5
2017-09-28,Mexico,MX,YouTube watch page,DJ Jer321,iNsuNSvJNnWLY9kQnwIQgA,0,1,0.3
2017-09-28,Poland,PL,YouTube watch page,DJ Jer321,iNsuNSvJNnWLY9kQnwIQgA,0,2,0.1
2017-09-28,Russia,RU,YouTube watch page,DJ Jer321,iNsuNSvJNnWLY9kQnwIQgA,2,1,2.2
2017-09-28,Thailand,TH,YouTube watch page,DJ Jer321,iNsuNSvJNnWLY9kQnwIQgA,1,2,0.6
2017-09-28,Taiwan,TW,YouTube watch page,DJ Jer321,iNsuNSvJNnWLY9kQnwIQgA,1,1,0.5
2017-09-28,United States,US,YouTube watch page,DJ Jer321,iNsuNSvJNnWLY9kQnwIQgA,44,9,4.9
2017-09-28,United States,US,Embedded in external websites and apps,DJ Jer321,iNsuNSvJNnWLY9kQnwIQgA,1,3,0.2
2017-09-29,Australia,AU,YouTube watch page,DJ Jer321,iNsuNSvJNnWLY9kQnwIQgA,4,1,3.5
2017-09-29,Brazil,BR,YouTube watch page,DJ Jer321,iNsuNSvJNnWLY9kQnwIQgA,1,1,0.6
2017-09-29,Canada,CA,YouTube watch page,DJ Jer321,iNsuNSvJNnWLY9kQnwIQgA,8,3,2.5
2017-09-29,Germany,DE,YouTube watch page,DJ Jer321,iNsuNSvJNnWLY9kQnwIQgA,3,8,0.4
2017-09-29,Spain,ES,YouTube watch page,DJ Jer321,iNsuNSvJNnWLY9kQnwIQgA,1,1,0.5
2017-09-29,France,FR,YouTube watch page,DJ Jer321,iNsuNSvJNnWLY9kQnwIQgA,24,5,4.7
2017-09-29,Hong Kong,HK,YouTube watch page,DJ Jer321,iNsuNSvJNnWLY9kQnwIQgA,1,2,0.4
2017-09-29,Italy,IT,YouTube watch page,DJ Jer321,iNsuNSvJNnWLY9kQnwIQgA,1,2,0.5
2017-09-29,Japan,JP,YouTube watch page,DJ Jer321,iNsuNSvJNnWLY9kQnwIQgA,1,5,0.2
2017-09-29,South Korea,KR,YouTube watch page,DJ Jer321,iNsuNSvJNnWLY9kQnwIQgA,1,1,0.7
2017-09-29,Kuwait,KW,YouTube watch page,DJ Jer321,iNsuNSvJNnWLY9kQnwIQgA,5,2,2.5
2017-09-29,Macau,MO,YouTube watch page,DJ Jer321,iNsuNSvJNnWLY9kQnwIQgA,1,1,1.1
2017-09-29,Mexico,MX,YouTube watch page,DJ Jer321,iNsuNSvJNnWLY9kQnwIQgA,7,2,3.4
2017-09-29,Malaysia,MY,YouTube watch page,DJ Jer321,iNsuNSvJNnWLY9kQnwIQgA,1,1,0.8
2017-09-29,Poland,PL,YouTube watch page,DJ Jer321,iNsuNSvJNnWLY9kQnwIQgA,0,1,0.1
2017-09-29,Singapore,SG,YouTube watch page,DJ Jer321,iNsuNSvJNnWLY9kQnwIQgA,2,1,2.1
2017-09-29,Thailand,TH,YouTube watch page,DJ Jer321,iNsuNSvJNnWLY9kQnwIQgA,2,4,0.4
2017-09-29,Taiwan,TW,YouTube watch page,DJ Jer321,iNsuNSvJNnWLY9kQnwIQgA,0,1,0.2
2017-09-29,United States,US,YouTube watch page,DJ Jer321,iNsuNSvJNnWLY9kQnwIQgA,115,20,5.7
2017-09-29,Vietnam,VN,YouTube watch page,DJ Jer321,iNsuNSvJNnWLY9kQnwIQgA,0,1,0.3
2017-09-30,Brazil,BR,YouTube watch page,DJ Jer321,iNsuNSvJNnWLY9kQnwIQgA,2,2,1.0
2017-09-30,Canada,CA,YouTube watch page,DJ Jer321,iNsuNSvJNnWLY9kQnwIQgA,13,8,1.6
2017-09-30,Germany,DE,YouTube watch page,DJ Jer321,iNsuNSvJNnWLY9kQnwIQgA,3,4,0.8
2017-09-30,Denmark,DK,YouTube watch page,DJ Jer321,iNsuNSvJNnWLY9kQnwIQgA,16,1,16.0
2017-09-30,Spain,ES,YouTube watch page,DJ Jer321,iNsuNSvJNnWLY9kQnwIQgA,4,6,0.7
2017-09-30,France,FR,YouTube watch page,DJ Jer321,iNsuNSvJNnWLY9kQnwIQgA,12,5,2.4
2017-09-30,United Kingdom,GB,YouTube watch page,DJ Jer321,iNsuNSvJNnWLY9kQnwIQgA,12,5,2.5
2017-09-30,Hong Kong,HK,YouTube watch page,DJ Jer321,iNsuNSvJNnWLY9kQnwIQgA,3,2,1.4
2017-09-30,Indonesia,ID,YouTube watch page,DJ Jer321,iNsuNSvJNnWLY9kQnwIQgA,2,1,1.6
2017-09-30,Italy,IT,YouTube watch page,DJ Jer321,iNsuNSvJNnWLY9kQnwIQgA,0,1,0.2
2017-09-30,Japan,JP,YouTube watch page,DJ Jer321,iNsuNSvJNnWLY9kQnwIQgA,28,7,4.1
2017-09-30,Mexico,MX,YouTube watch page,DJ Jer321,iNsuNSvJNnWLY9kQnwIQgA,0,1,0.2
2017-09-30,Netherlands,NL,YouTube watch page,DJ Jer321,iNsuNSvJNnWLY9kQnwIQgA,0,1,0.2
2017-09-30,Philippines,PH,YouTube watch page,DJ Jer321,iNsuNSvJNnWLY9kQnwIQgA,5,4,1.3
2017-09-30,Romania,RO,YouTube watch page,DJ Jer321,iNsuNSvJNnWLY9kQnwIQgA,0,1,0.0
2017-09-30,Thailand,TH,YouTube watch page,DJ Jer321,iNsuNSvJNnWLY9kQnwIQgA,11,3,3.6
2017-09-30,Taiwan,TW,YouTube watch page,DJ Jer321,iNsuNSvJNnWLY9kQnwIQgA,1,1,1.4
2017-09-30,United States,US,YouTube watch page,DJ Jer321,iNsuNSvJNnWLY9kQnwIQgA,181,21,8.6
2017-09-30,Vietnam,VN,YouTube watch page,DJ Jer321,iNsuNSvJNnWLY9kQnwIQgA,2,1,1.7
2017-10-01,Argentina,AR,YouTube watch page,DJ Jer321,iNsuNSvJNnWLY9kQnwIQgA,0,1,0.4
2017-10-01,Australia,AU,YouTube watch page,DJ Jer321,iNsuNSvJNnWLY9kQnwIQgA,3,1,3.0
2017-10-01,Brazil,BR,YouTube watch page,DJ Jer321,iNsuNSvJNnWLY9kQnwIQgA,35,4,8.8
2017-10-01,Canada,CA,YouTube watch page,DJ Jer321,iNsuNSvJNnWLY9kQnwIQgA,3,6,0.6
2017-10-01,CuraÃ§ao,CW,YouTube watch page,DJ Jer321,iNsuNSvJNnWLY9kQnwIQgA,0,1,0.3
2017-10-01,France,FR,YouTube watch page,DJ Jer321,iNsuNSvJNnWLY9kQnwIQgA,29,6,4.8
2017-10-01,United Kingdom,GB,YouTube watch page,DJ Jer321,iNsuNSvJNnWLY9kQnwIQgA,17,2,8.6
2017-10-01,Hong Kong,HK,YouTube watch page,DJ Jer321,iNsuNSvJNnWLY9kQnwIQgA,1,6,0.1
2017-10-01,Indonesia,ID,YouTube watch page,DJ Jer321,iNsuNSvJNnWLY9kQnwIQgA,3,2,1.7
2017-10-01,Italy,IT,YouTube watch page,DJ Jer321,iNsuNSvJNnWLY9kQnwIQgA,2,1,1.7
2017-10-01,Japan,JP,YouTube watch page,DJ Jer321,iNsuNSvJNnWLY9kQnwIQgA,4,2,1.8
2017-10-01,Mexico,MX,YouTube watch page,DJ Jer321,iNsuNSvJNnWLY9kQnwIQgA,13,2,6.6
2017-10-01,Netherlands,NL,YouTube watch page,DJ Jer321,iNsuNSvJNnWLY9kQnwIQgA,0,1,0.1
2017-10-01,Russia,RU,YouTube watch page,DJ Jer321,iNsuNSvJNnWLY9kQnwIQgA,13,1,12.7
2017-10-01,Thailand,TH,YouTube watch page,DJ Jer321,iNsuNSvJNnWLY9kQnwIQgA,7,1,7.5
2017-10-01,Taiwan,TW,YouTube watch page,DJ Jer321,iNsuNSvJNnWLY9kQnwIQgA,1,1,1.1
2017-10-01,United States,US,YouTube watch page,DJ Jer321,iNsuNSvJNnWLY9kQnwIQgA,14,14,1.0
2017-10-01,Vietnam,VN,YouTube watch page,DJ Jer321,iNsuNSvJNnWLY9kQnwIQgA,8,2,4.1
2017-10-02,Brazil,BR,YouTube watch page,DJ Jer321,iNsuNSvJNnWLY9kQnwIQgA,8,3,2.6
2017-10-02,Canada,CA,YouTube watch page,DJ Jer321,iNsuNSvJNnWLY9kQnwIQgA,5,2,2.3
2017-10-02,Germany,DE,YouTube watch page,DJ Jer321,iNsuNSvJNnWLY9kQnwIQgA,16,2,7.8
2017-10-02,France,FR,YouTube watch page,DJ Jer321,iNsuNSvJNnWLY9kQnwIQgA,1,4,0.2
2017-10-02,United Kingdom,GB,YouTube watch page,DJ Jer321,iNsuNSvJNnWLY9kQnwIQgA,0,1,0.4
2017-10-02,Hong Kong,HK,YouTube watch page,DJ Jer321,iNsuNSvJNnWLY9kQnwIQgA,10,8,1.3
2017-10-02,Italy,IT,YouTube watch page,DJ Jer321,iNsuNSvJNnWLY9kQnwIQgA,5,1,4.6
2017-10-02,Japan,JP,YouTube watch page,DJ Jer321,iNsuNSvJNnWLY9kQnwIQgA,1,1,0.6
2017-10-02,Macau,MO,YouTube watch page,DJ Jer321,iNsuNSvJNnWLY9kQnwIQgA,4,1,3.9
2017-10-02,Mexico,MX,YouTube watch page,DJ Jer321,iNsuNSvJNnWLY9kQnwIQgA,4,1,4.2
2017-10-02,Netherlands,NL,YouTube watch page,DJ Jer321,iNsuNSvJNnWLY9kQnwIQgA,0,1,0.2
2017-10-02,Poland,PL,YouTube watch page,DJ Jer321,iNsuNSvJNnWLY9kQnwIQgA,0,1,0.2
2017-10-02,RÃ©union,RE,YouTube watch page,DJ Jer321,iNsuNSvJNnWLY9kQnwIQgA,1,1,0.8
2017-10-02,Sweden,SE,YouTube watch page,DJ Jer321,iNsuNSvJNnWLY9kQnwIQgA,0,1,0.0
2017-10-02,United States,US,YouTube watch page,DJ Jer321,iNsuNSvJNnWLY9kQnwIQgA,89,12,7.4
2017-10-03,Argentina,AR,YouTube watch page,DJ Jer321,iNsuNSvJNnWLY9kQnwIQgA,3,1,2.7
2017-10-03,Australia,AU,YouTube watch page,DJ Jer321,iNsuNSvJNnWLY9kQnwIQgA,27,5,5.4
2017-10-03,Belgium,BE,YouTube watch page,DJ Jer321,iNsuNSvJNnWLY9kQnwIQgA,0,1,0.1
2017-10-03,Brazil,BR,YouTube watch page,DJ Jer321,iNsuNSvJNnWLY9kQnwIQgA,3,5,0.7
2017-10-03,Costa Rica,CR,YouTube watch page,DJ Jer321,iNsuNSvJNnWLY9kQnwIQgA,1,1,0.8
2017-10-03,Germany,DE,YouTube watch page,DJ Jer321,iNsuNSvJNnWLY9kQnwIQgA,3,3,0.9
2017-10-03,Spain,ES,YouTube watch page,DJ Jer321,iNsuNSvJNnWLY9kQnwIQgA,6,3,1.9
2017-10-03,Finland,FI,YouTube watch page,DJ Jer321,iNsuNSvJNnWLY9kQnwIQgA,0,1,0.1
2017-10-03,France,FR,YouTube watch page,DJ Jer321,iNsuNSvJNnWLY9kQnwIQgA,2,1,1.9
2017-10-03,United Kingdom,GB,YouTube watch page,DJ Jer321,iNsuNSvJNnWLY9kQnwIQgA,0,1,0.0
2017-10-03,Guatemala,GT,YouTube watch page,DJ Jer321,iNsuNSvJNnWLY9kQnwIQgA,2,1,1.9
2017-10-03,Hong Kong,HK,YouTube watch page,DJ Jer321,iNsuNSvJNnWLY9kQnwIQgA,2,3,0.7
2017-10-03,Italy,IT,YouTube watch page,DJ Jer321,iNsuNSvJNnWLY9kQnwIQgA,8,1,8.1
2017-10-03,Japan,JP,YouTube watch page,DJ Jer321,iNsuNSvJNnWLY9kQnwIQgA,1,1,0.7
2017-10-03,Malaysia,MY,YouTube watch page,DJ Jer321,iNsuNSvJNnWLY9kQnwIQgA,0,1,0.1
2017-10-03,Poland,PL,YouTube watch page,DJ Jer321,iNsuNSvJNnWLY9kQnwIQgA,4,1,4.3
2017-10-03,Singapore,SG,YouTube watch page,DJ Jer321,iNsuNSvJNnWLY9kQnwIQgA,5,1,5.1
2017-10-03,Thailand,TH,YouTube watch page,DJ Jer321,iNsuNSvJNnWLY9kQnwIQgA,17,5,3.5
2017-10-03,United States,US,YouTube watch page,DJ Jer321,iNsuNSvJNnWLY9kQnwIQgA,243,20,12.1
2017-10-03,United States,US,YouTube channel page,DJ Jer321,iNsuNSvJNnWLY9kQnwIQgA,0,1,0.3
2017-10-04,Argentina,AR,YouTube watch page,DJ Jer321,iNsuNSvJNnWLY9kQnwIQgA,0,1,0.2
2017-10-04,Australia,AU,YouTube watch page,DJ Jer321,iNsuNSvJNnWLY9kQnwIQgA,0,1,0.2
2017-10-04,Brazil,BR,YouTube watch page,DJ Jer321,iNsuNSvJNnWLY9kQnwIQgA,5,3,1.6
2017-10-04,Canada,CA,YouTube watch page,DJ Jer321,iNsuNSvJNnWLY9kQnwIQgA,35,10,3.5
2017-10-04,Germany,DE,YouTube watch page,DJ Jer321,iNsuNSvJNnWLY9kQnwIQgA,6,3,2.1
2017-10-04,Spain,ES,YouTube watch page,DJ Jer321,iNsuNSvJNnWLY9kQnwIQgA,4,4,1.1
2017-10-04,United Kingdom,GB,YouTube watch page,DJ Jer321,iNsuNSvJNnWLY9kQnwIQgA,12,8,1.5
2017-10-04,Hong Kong,HK,YouTube watch page,DJ Jer321,iNsuNSvJNnWLY9kQnwIQgA,1,1,1.2
2017-10-04,Indonesia,ID,YouTube watch page,DJ Jer321,iNsuNSvJNnWLY9kQnwIQgA,2,2,1.0
2017-10-04,Ireland,IE,YouTube watch page,DJ Jer321,iNsuNSvJNnWLY9kQnwIQgA,0,1,0.2
2017-10-04,Italy,IT,YouTube watch page,DJ Jer321,iNsuNSvJNnWLY9kQnwIQgA,1,1,0.7
2017-10-04,Japan,JP,YouTube watch page,DJ Jer321,iNsuNSvJNnWLY9kQnwIQgA,30,15,2.0
2017-10-04,Mexico,MX,YouTube watch page,DJ Jer321,iNsuNSvJNnWLY9kQnwIQgA,3,3,1.0
2017-10-04,New Zealand,NZ,YouTube watch page,DJ Jer321,iNsuNSvJNnWLY9kQnwIQgA,1,1,1.4
2017-10-04,Philippines,PH,YouTube watch page,DJ Jer321,iNsuNSvJNnWLY9kQnwIQgA,6,4,1.4
2017-10-04,Poland,PL,YouTube watch page,DJ Jer321,iNsuNSvJNnWLY9kQnwIQgA,0,1,0.2
2017-10-04,Sweden,SE,YouTube watch page,DJ Jer321,iNsuNSvJNnWLY9kQnwIQgA,0,1,0.3
2017-10-04,Thailand,TH,YouTube watch page,DJ Jer321,iNsuNSvJNnWLY9kQnwIQgA,7,1,7.2
2017-10-04,United States,US,YouTube watch page,DJ Jer321,iNsuNSvJNnWLY9kQnwIQgA,82,17,4.8
2017-10-05,Argentina,AR,YouTube watch page,DJ Jer321,iNsuNSvJNnWLY9kQnwIQgA,0,1,0.2
2017-10-05,Australia,AU,Embedded in external websites and apps,DJ Jer321,iNsuNSvJNnWLY9kQnwIQgA,1,1,0.5
2017-10-05,Belgium,BE,YouTube watch page,DJ Jer321,iNsuNSvJNnWLY9kQnwIQgA,0,1,0.2
2017-10-05,Brazil,BR,YouTube watch page,DJ Jer321,iNsuNSvJNnWLY9kQnwIQgA,2,2,1.0
2017-10-05,Spain,ES,YouTube watch page,DJ Jer321,iNsuNSvJNnWLY9kQnwIQgA,1,2,0.4
2017-10-05,France,FR,YouTube watch page,DJ Jer321,iNsuNSvJNnWLY9kQnwIQgA,3,1,2.7
2017-10-05,Greece,GR,YouTube watch page,DJ Jer321,iNsuNSvJNnWLY9kQnwIQgA,0,1,0.1
2017-10-05,Hong Kong,HK,YouTube watch page,DJ Jer321,iNsuNSvJNnWLY9kQnwIQgA,2,3,0.6
2017-10-05,Italy,IT,YouTube watch page,DJ Jer321,iNsuNSvJNnWLY9kQnwIQgA,0,1,0.4
2017-10-05,Jamaica,JM,YouTube watch page,DJ Jer321,iNsuNSvJNnWLY9kQnwIQgA,0,1,0.1
2017-10-05,Japan,JP,YouTube watch page,DJ Jer321,iNsuNSvJNnWLY9kQnwIQgA,12,3,4.1
2017-10-05,Sweden,SE,YouTube watch page,DJ Jer321,iNsuNSvJNnWLY9kQnwIQgA,0,2,0.1
2017-10-05,Singapore,SG,YouTube watch page,DJ Jer321,iNsuNSvJNnWLY9kQnwIQgA,5,1,5.0
2017-10-05,Thailand,TH,YouTube watch page,DJ Jer321,iNsuNSvJNnWLY9kQnwIQgA,7,2,3.3
2017-10-05,United States,US,YouTube watch page,DJ Jer321,iNsuNSvJNnWLY9kQnwIQgA,158,26,6.1
2017-10-06,Argentina,AR,YouTube watch page,DJ Jer321,iNsuNSvJNnWLY9kQnwIQgA,2,1,1.9
2017-10-06,Austria,AT,YouTube watch page,DJ Jer321,iNsuNSvJNnWLY9kQnwIQgA,0,1,0.4
2017-10-06,Brazil,BR,YouTube watch page,DJ Jer321,iNsuNSvJNnWLY9kQnwIQgA,1,1,1.1
2017-10-06,Canada,CA,YouTube watch page,DJ Jer321,iNsuNSvJNnWLY9kQnwIQgA,0,2,0.2
2017-10-06,Chile,CL,YouTube watch page,DJ Jer321,iNsuNSvJNnWLY9kQnwIQgA,15,1,14.5
2017-10-06,Germany,DE,YouTube watch page,DJ Jer321,iNsuNSvJNnWLY9kQnwIQgA,1,3,0.4
2017-10-06,Spain,ES,YouTube watch page,DJ Jer321,iNsuNSvJNnWLY9kQnwIQgA,2,2,1.1
2017-10-06,France,FR,YouTube watch page,DJ Jer321,iNsuNSvJNnWLY9kQnwIQgA,0,1,0.0
2017-10-06,Hong Kong,HK,YouTube watch page,DJ Jer321,iNsuNSvJNnWLY9kQnwIQgA,1,2,0.5
2017-10-06,Italy,IT,YouTube watch page,DJ Jer321,iNsuNSvJNnWLY9kQnwIQgA,10,2,4.8
2017-10-06,Japan,JP,YouTube watch page,DJ Jer321,iNsuNSvJNnWLY9kQnwIQgA,5,7,0.7
2017-10-06,South Korea,KR,YouTube watch page,DJ Jer321,iNsuNSvJNnWLY9kQnwIQgA,0,1,0.0
2017-10-06,Macau,MO,YouTube watch page,DJ Jer321,iNsuNSvJNnWLY9kQnwIQgA,1,1,0.9
2017-10-06,Mexico,MX,YouTube watch page,DJ Jer321,iNsuNSvJNnWLY9kQnwIQgA,15,4,3.8
2017-10-06,Romania,RO,YouTube watch page,DJ Jer321,iNsuNSvJNnWLY9kQnwIQgA,0,1,0.3
2017-10-06,Saudi Arabia,SA,YouTube watch page,DJ Jer321,iNsuNSvJNnWLY9kQnwIQgA,0,1,0.2
2017-10-06,Thailand,TH,YouTube watch page,DJ Jer321,iNsuNSvJNnWLY9kQnwIQgA,0,1,0.2
2017-10-06,Taiwan,TW,YouTube watch page,DJ Jer321,iNsuNSvJNnWLY9kQnwIQgA,0,1,0.1
2017-10-06,United States,US,YouTube watch page,DJ Jer321,iNsuNSvJNnWLY9kQnwIQgA,86,16,5.4
2017-10-07,United Arab Emirates,AE,YouTube watch page,DJ Jer321,iNsuNSvJNnWLY9kQnwIQgA,0,1,0.4
2017-10-07,Brazil,BR,YouTube watch page,DJ Jer321,iNsuNSvJNnWLY9kQnwIQgA,4,2,2.1
2017-10-07,Canada,CA,YouTube watch page,DJ Jer321,iNsuNSvJNnWLY9kQnwIQgA,8,2,4.2
2017-10-07,Chile,CL,YouTube watch page,DJ Jer321,iNsuNSvJNnWLY9kQnwIQgA,0,1,0.0
2017-10-07,Germany,DE,YouTube watch page,DJ Jer321,iNsuNSvJNnWLY9kQnwIQgA,1,2,0.5
2017-10-07,Spain,ES,YouTube watch page,DJ Jer321,iNsuNSvJNnWLY9kQnwIQgA,0,1,0.1
2017-10-07,United Kingdom,GB,YouTube watch page,DJ Jer321,iNsuNSvJNnWLY9kQnwIQgA,2,2,0.9
2017-10-07,Guatemala,GT,YouTube watch page,DJ Jer321,iNsuNSvJNnWLY9kQnwIQgA,3,1,3.4
2017-10-07,Hong Kong,HK,YouTube watch page,DJ Jer321,iNsuNSvJNnWLY9kQnwIQgA,1,2,0.5
2017-10-07,Japan,JP,YouTube watch page,DJ Jer321,iNsuNSvJNnWLY9kQnwIQgA,2,2,1.1
2017-10-07,South Korea,KR,YouTube watch page,DJ Jer321,iNsuNSvJNnWLY9kQnwIQgA,2,1,2.4
2017-10-07,Mexico,MX,YouTube watch page,DJ Jer321,iNsuNSvJNnWLY9kQnwIQgA,16,5,3.3
2017-10-07,Norway,NO,YouTube watch page,DJ Jer321,iNsuNSvJNnWLY9kQnwIQgA,7,1,6.6
2017-10-07,Poland,PL,YouTube watch page,DJ Jer321,iNsuNSvJNnWLY9kQnwIQgA,0,2,0.0
2017-10-07,RÃ©union,RE,YouTube watch page,DJ Jer321,iNsuNSvJNnWLY9kQnwIQgA,4,1,4.4
2017-10-07,Thailand,TH,YouTube watch page,DJ Jer321,iNsuNSvJNnWLY9kQnwIQgA,14,1,14.4
2017-10-07,Trinidad & Tobago,TT,YouTube watch page,DJ Jer321,iNsuNSvJNnWLY9kQnwIQgA,8,1,8.3
2017-10-07,Taiwan,TW,YouTube watch page,DJ Jer321,iNsuNSvJNnWLY9kQnwIQgA,10,2,5.0
2017-10-07,United States,US,YouTube watch page,DJ Jer321,iNsuNSvJNnWLY9kQnwIQgA,88,22,4.0
2017-10-08,Australia,AU,YouTube watch page,DJ Jer321,iNsuNSvJNnWLY9kQnwIQgA,1,1,0.9
2017-10-08,Brazil,BR,YouTube watch page,DJ Jer321,iNsuNSvJNnWLY9kQnwIQgA,4,2,2.2
2017-10-08,Canada,CA,YouTube watch page,DJ Jer321,iNsuNSvJNnWLY9kQnwIQgA,0,1,0.4
2017-10-08,Switzerland,CH,YouTube watch page,DJ Jer321,iNsuNSvJNnWLY9kQnwIQgA,1,1,0.7
2017-10-08,France,FR,YouTube watch page,DJ Jer321,iNsuNSvJNnWLY9kQnwIQgA,19,5,3.8
2017-10-08,United Kingdom,GB,YouTube watch page,DJ Jer321,iNsuNSvJNnWLY9kQnwIQgA,0,1,0.2
2017-10-08,Guatemala,GT,YouTube watch page,DJ Jer321,iNsuNSvJNnWLY9kQnwIQgA,1,1,0.8
2017-10-08,Hong Kong,HK,YouTube watch page,DJ Jer321,iNsuNSvJNnWLY9kQnwIQgA,1,4,0.2
2017-10-08,Japan,JP,YouTube watch page,DJ Jer321,iNsuNSvJNnWLY9kQnwIQgA,6,9,0.7
2017-10-08,South Korea,KR,YouTube watch page,DJ Jer321,iNsuNSvJNnWLY9kQnwIQgA,0,1,0.3
2017-10-08,Netherlands,NL,YouTube watch page,DJ Jer321,iNsuNSvJNnWLY9kQnwIQgA,1,1,0.7
2017-10-08,Serbia,RS,YouTube watch page,DJ Jer321,iNsuNSvJNnWLY9kQnwIQgA,1,1,0.5
2017-10-08,Thailand,TH,YouTube watch page,DJ Jer321,iNsuNSvJNnWLY9kQnwIQgA,0,1,0.5
2017-10-08,Trinidad & Tobago,TT,YouTube watch page,DJ Jer321,iNsuNSvJNnWLY9kQnwIQgA,0,1,0.1
2017-10-08,United States,US,YouTube watch page,DJ Jer321,iNsuNSvJNnWLY9kQnwIQgA,106,24,4.4
2017-10-09,Australia,AU,YouTube watch page,DJ Jer321,iNsuNSvJNnWLY9kQnwIQgA,2,2,0.9
2017-10-09,Brazil,BR,YouTube watch page,DJ Jer321,iNsuNSvJNnWLY9kQnwIQgA,4,3,1.3
2017-10-09,Canada,CA,YouTube watch page,DJ Jer321,iNsuNSvJNnWLY9kQnwIQgA,5,3,1.5
2017-10-09,Chile,CL,YouTube watch page,DJ Jer321,iNsuNSvJNnWLY9kQnwIQgA,4,1,4.2
2017-10-09,Germany,DE,YouTube watch page,DJ Jer321,iNsuNSvJNnWLY9kQnwIQgA,6,1,5.9
2017-10-09,France,FR,YouTube watch page,DJ Jer321,iNsuNSvJNnWLY9kQnwIQgA,8,2,4.2
2017-10-09,Guatemala,GT,YouTube watch page,DJ Jer321,iNsuNSvJNnWLY9kQnwIQgA,1,2,0.5
2017-10-09,Hong Kong,HK,YouTube watch page,DJ Jer321,iNsuNSvJNnWLY9kQnwIQgA,11,1,10.6
2017-10-09,Indonesia,ID,YouTube watch page,DJ Jer321,iNsuNSvJNnWLY9kQnwIQgA,0,1,0.3
2017-10-09,Israel,IL,YouTube watch page,DJ Jer321,iNsuNSvJNnWLY9kQnwIQgA,0,1,0.1
2017-10-09,Italy,IT,YouTube watch page,DJ Jer321,iNsuNSvJNnWLY9kQnwIQgA,1,2,0.3
2017-10-09,Japan,JP,YouTube watch page,DJ Jer321,iNsuNSvJNnWLY9kQnwIQgA,7,1,7.4
2017-10-09,Mexico,MX,YouTube watch page,DJ Jer321,iNsuNSvJNnWLY9kQnwIQgA,5,3,1.7
2017-10-09,El Salvador,SV,YouTube watch page,DJ Jer321,iNsuNSvJNnWLY9kQnwIQgA,0,1,0.1
2017-10-09,Thailand,TH,YouTube watch page,DJ Jer321,iNsuNSvJNnWLY9kQnwIQgA,3,2,1.3
2017-10-09,Taiwan,TW,YouTube watch page,DJ Jer321,iNsuNSvJNnWLY9kQnwIQgA,10,4,2.4
2017-10-09,United States,US,YouTube watch page,DJ Jer321,iNsuNSvJNnWLY9kQnwIQgA,145,23,6.3
2017-10-09,Uruguay,UY,YouTube watch page,DJ Jer321,iNsuNSvJNnWLY9kQnwIQgA,0,1,0.0
2017-10-09,Vietnam,VN,YouTube watch page,DJ Jer321,iNsuNSvJNnWLY9kQnwIQgA,8,4,2.1
2017-10-10,Belgium,BE,YouTube watch page,DJ Jer321,iNsuNSvJNnWLY9kQnwIQgA,1,1,1.0
2017-10-10,Brazil,BR,YouTube watch page,DJ Jer321,iNsuNSvJNnWLY9kQnwIQgA,9,2,4.7
2017-10-10,Canada,CA,YouTube watch page,DJ Jer321,iNsuNSvJNnWLY9kQnwIQgA,13,3,4.4
2017-10-10,Chile,CL,YouTube watch page,DJ Jer321,iNsuNSvJNnWLY9kQnwIQgA,0,1,0.1
2017-10-10,Germany,DE,YouTube watch page,DJ Jer321,iNsuNSvJNnWLY9kQnwIQgA,1,1,0.6
2017-10-10,Spain,ES,YouTube watch page,DJ Jer321,iNsuNSvJNnWLY9kQnwIQgA,1,2,0.4
2017-10-10,France,FR,YouTube watch page,DJ Jer321,iNsuNSvJNnWLY9kQnwIQgA,3,1,3.3
2017-10-10,Hong Kong,HK,YouTube watch page,DJ Jer321,iNsuNSvJNnWLY9kQnwIQgA,1,1,0.6
2017-10-10,Ireland,IE,YouTube watch page,DJ Jer321,iNsuNSvJNnWLY9kQnwIQgA,0,2,0.1
2017-10-10,Japan,JP,YouTube watch page,DJ Jer321,iNsuNSvJNnWLY9kQnwIQgA,0,1,0.0
2017-10-10,Sri Lanka,LK,YouTube watch page,DJ Jer321,iNsuNSvJNnWLY9kQnwIQgA,1,1,0.8
2017-10-10,Mexico,MX,YouTube watch page,DJ Jer321,iNsuNSvJNnWLY9kQnwIQgA,9,1,9.0
2017-10-10,Portugal,PT,YouTube watch page,DJ Jer321,iNsuNSvJNnWLY9kQnwIQgA,15,2,7.3
2017-10-10,Trinidad & Tobago,TT,YouTube watch page,DJ Jer321,iNsuNSvJNnWLY9kQnwIQgA,1,1,0.8
2017-10-10,United States,US,YouTube watch page,DJ Jer321,iNsuNSvJNnWLY9kQnwIQgA,63,12,5.2
2017-10-11,Brazil,BR,YouTube watch page,DJ Jer321,iNsuNSvJNnWLY9kQnwIQgA,0,1,0.4
2017-10-11,Canada,CA,YouTube watch page,DJ Jer321,iNsuNSvJNnWLY9kQnwIQgA,3,2,1.4
2017-10-11,Chile,CL,YouTube watch page,DJ Jer321,iNsuNSvJNnWLY9kQnwIQgA,4,2,2.0
2017-10-11,Germany,DE,YouTube watch page,DJ Jer321,iNsuNSvJNnWLY9kQnwIQgA,8,1,7.8
2017-10-11,Spain,ES,YouTube watch page,DJ Jer321,iNsuNSvJNnWLY9kQnwIQgA,0,1,0.4
2017-10-11,France,FR,YouTube watch page,DJ Jer321,iNsuNSvJNnWLY9kQnwIQgA,1,3,0.4
2017-10-11,United Kingdom,GB,YouTube watch page,DJ Jer321,iNsuNSvJNnWLY9kQnwIQgA,9,3,2.9
2017-10-11,Hong Kong,HK,YouTube watch page,DJ Jer321,iNsuNSvJNnWLY9kQnwIQgA,36,7,5.1
2017-10-11,Croatia,HR,YouTube watch page,DJ Jer321,iNsuNSvJNnWLY9kQnwIQgA,2,1,2.5
2017-10-11,Jamaica,JM,YouTube watch page,DJ Jer321,iNsuNSvJNnWLY9kQnwIQgA,0,2,0.1
2017-10-11,Japan,JP,YouTube watch page,DJ Jer321,iNsuNSvJNnWLY9kQnwIQgA,13,11,1.1
2017-10-11,South Korea,KR,YouTube watch page,DJ Jer321,iNsuNSvJNnWLY9kQnwIQgA,1,2,0.5
2017-10-11,Mexico,MX,YouTube watch page,DJ Jer321,iNsuNSvJNnWLY9kQnwIQgA,34,5,6.9
2017-10-11,Netherlands,NL,YouTube watch page,DJ Jer321,iNsuNSvJNnWLY9kQnwIQgA,0,1,0.5
2017-10-11,Poland,PL,YouTube watch page,DJ Jer321,iNsuNSvJNnWLY9kQnwIQgA,0,2,0.2
2017-10-11,Thailand,TH,YouTube watch page,DJ Jer321,iNsuNSvJNnWLY9kQnwIQgA,0,1,0.4
2017-10-11,Taiwan,TW,YouTube watch page,DJ Jer321,iNsuNSvJNnWLY9kQnwIQgA,0,1,0.1
2017-10-11,United States,US,YouTube watch page,DJ Jer321,iNsuNSvJNnWLY9kQnwIQgA,211,39,5.4
2017-10-11,United States,US,Embedded in external websites and apps,DJ Jer321,iNsuNSvJNnWLY9kQnwIQgA,0,1,0.0
2017-10-12,Argentina,AR,YouTube watch page,DJ Jer321,iNsuNSvJNnWLY9kQnwIQgA,0,1,0.1
2017-10-12,Australia,AU,YouTube watch page,DJ Jer321,iNsuNSvJNnWLY9kQnwIQgA,9,4,2.3
2017-10-12,Brazil,BR,YouTube watch page,DJ Jer321,iNsuNSvJNnWLY9kQnwIQgA,12,5,2.4
2017-10-12,Canada,CA,YouTube watch page,DJ Jer321,iNsuNSvJNnWLY9kQnwIQgA,5,1,5.0
2017-10-12,France,FR,YouTube watch page,DJ Jer321,iNsuNSvJNnWLY9kQnwIQgA,7,1,6.7
2017-10-12,United Kingdom,GB,YouTube watch page,DJ Jer321,iNsuNSvJNnWLY9kQnwIQgA,0,1,0.0
2017-10-12,Hong Kong,HK,YouTube watch page,DJ Jer321,iNsuNSvJNnWLY9kQnwIQgA,0,2,0.2
2017-10-12,India,IN,YouTube watch page,DJ Jer321,iNsuNSvJNnWLY9kQnwIQgA,1,1,0.5
2017-10-12,Italy,IT,YouTube watch page,DJ Jer321,iNsuNSvJNnWLY9kQnwIQgA,1,1,1.1
2017-10-12,Japan,JP,YouTube watch page,DJ Jer321,iNsuNSvJNnWLY9kQnwIQgA,34,8,4.2
2017-10-12,South Korea,KR,YouTube watch page,DJ Jer321,iNsuNSvJNnWLY9kQnwIQgA,0,1,0.0
2017-10-12,Mexico,MX,YouTube watch page,DJ Jer321,iNsuNSvJNnWLY9kQnwIQgA,10,2,5.2
2017-10-12,Peru,PE,YouTube watch page,DJ Jer321,iNsuNSvJNnWLY9kQnwIQgA,4,2,1.9
2017-10-12,Poland,PL,YouTube watch page,DJ Jer321,iNsuNSvJNnWLY9kQnwIQgA,1,3,0.3
2017-10-12,Thailand,TH,YouTube watch page,DJ Jer321,iNsuNSvJNnWLY9kQnwIQgA,1,3,0.4
2017-10-12,United States,US,YouTube watch page,DJ Jer321,iNsuNSvJNnWLY9kQnwIQgA,116,26,4.5
2017-10-12,Venezuela,VE,YouTube watch page,DJ Jer321,iNsuNSvJNnWLY9kQnwIQgA,0,1,0.1
2017-10-12,Vietnam,VN,YouTube watch page,DJ Jer321,iNsuNSvJNnWLY9kQnwIQgA,0,1,0.2
